Datetime,Tweet Id,Text,Username
2023-04-16 10:18:58,1647545109754548224,@RT_com Usa is a democracy lol ğŸ˜‚,Russia2_mrf
2023-04-16 10:03:01,1647541094098554881,@DrippyTwitch @VisualsByVaan @Oioioim869 Heâ€™s referring to black people as niggersğŸ˜­ bro your okay with that?,Mike30076285
2023-04-16 09:57:44,1647539765930065920,"I've checked and P.G. Wodehouse's 'Right Ho Jeeves' uses the word 'nigger' once. Instead of censoring it, they could simply include some smelling salts with the book, in case any left-liberal person reading it passes out. https://t.co/FCZB1fdvK0",markoah
2023-04-16 09:52:16,1647538389107851266,"@my_umieverse @heyyitsjanea Just like ""nigger"" initially literally meant ""black"", the word kaffir lost its religious/literal connotation was used as a derogatory for black people of all faiths, kinds and backgrounds",bonganiRa
2023-04-16 09:44:43,1647536489855606785,"@MUCHEKADZAFA_ @paulmuchemwa2 Reserving the right kuita zvatinoda nemari yedu nehupenyu wedu , is being brainwashed. Ita straight",mqhe_eli
2023-04-16 09:42:51,1647536020538421249,@h3h3productions @Idubbbz @AnisaTheGreasy Yeah the same guy who went up to tana and tried to get her to say nigger! Dudes super nice!,KardiaGENv
2023-04-16 09:40:37,1647535457436160002,@Eddie_t2 @paulmuchemwa2 Insinuation my friend,mqhe_eli
2023-04-16 09:40:14,1647535361378209792,@eightof23 @paulmuchemwa2 Makabirwa or makabvisa mari yenyu mega the choice was yours and that same choice still remains ours. Musamanikidze vanhu kuita zvamunoda,mqhe_eli
2023-04-16 09:06:32,1647526879023308802,"@PhreshyConcepts @jon_d_doe @Isra_el__ If a call comes in when I know ain't the main niggar, omo nah to quiet down and let the main nigger talk finish, she then comes to narrate and we do well to state the advantage of the main gee, so she could keep the peace, if table turns they would try calling at midnight...werey",peter4d2
2023-04-16 09:02:36,1647525889528168448,@dr_dash250 Thanks bro,khal96043
2023-04-16 08:26:27,1647516792863195137,@LockInRonaldo @FTJenna_ @90Z1O - calls me nigger,legoatfcb_
2023-04-16 07:54:35,1647508771680276480,"@Mike_Batt @MTSundayExpress @midgeure1 And the unforgettable B side, â€˜Nigger Bluesâ€™â€¦",estasnideV2
2023-04-16 06:48:27,1647492132578492417,"@Bonycdm09 This niggerğŸ˜‚ğŸ˜‚
Sell your work!",peaceful_kid__
2023-04-16 06:29:09,1647487273804656640,@_Endangeredback @TarikuMs You heard me nigger,AddissAlemayehu
2023-04-16 05:57:32,1647479317423702016,so like on Insta I got banned for a while bc I told sm1 to k1ll themselves but so they can call me a nigÄŸer like ok same on here I got banned for a bit for doing the same thing but they were making fun of me being assaulted like hello????,bunnyKitti
2023-04-16 05:45:21,1647476250368245761,@WWE @SuperKingofBros @FightOwensFigh @SamiZayn @WWESoloSikoa I hate Sammy now ğŸ˜­ğŸ˜­ğŸ˜­ğŸ˜­,THAT__SCOPER
2023-04-16 05:38:41,1647474571665195010,never been a time where their family wasnâ€™t racist. It was always â€œoh weâ€™re not racist blah blah blahâ€ no oneâ€™s ever racist until it concerns their daughter. Then Iâ€™m a no good nigger or a wetback. Whatever they come up with for why Iâ€™m not good enough to be with their daughter https://t.co/nxiE3icvAJ,iamKingTriton
2023-04-16 05:23:14,1647470683427860480,I got a video of this white man sending me a video trying to be a â€œblack rapperâ€ and saying nigger bc he wanted to make a joke. Should I post it??,mariiii_w
2023-04-16 05:13:46,1647468302376255488,@KlavotsH @DrippyTwitch @Oioioim869 White people when you tell them donâ€™t say nigger https://t.co/jvHEdWHXbT,VisualsByVaan
2023-04-16 04:58:43,1647464514495950848,"Hey, your life your choice. No need to express it here",AD_maiauduga
2023-04-16 04:34:55,1647458525889826817,@niggers among us lobby,UltraRape
2023-04-16 04:04:18,1647450818839289856,"@RiggedSports32 @RealMona_ @FightHaven Have you ever went to a store, minded your own business and got called a â€œniggerâ€?",IlI_IlI_lIl
2023-04-16 03:01:43,1647435070892920832,@ermal_nigger @realRubenSim im retarded and forgot how to grammar,LBoy648
2023-04-16 02:57:40,1647434052750934016,@HalleBailey niggerğŸ¤®ğŸ¤®ğŸ¤®,trickh1999
2023-04-16 02:56:26,1647433741575266309,"Heâ€™d probably call me a nigger, but Jimmy Dugan.",LCfromLCVA
2023-04-16 02:31:51,1647427553412489217,@Swaxifyy @jermbehoopin @Vrrtxs @Emxtionbtw @youtubezixry @ypolo34 GET BACK NIGGERğŸ‘º,PsychoKingz1
2023-04-16 02:30:54,1647427316987863045,He just bout called her a nigger lmfaoooooooooooooooo his face was hilarious,StillThaGawd
2023-04-16 02:12:36,1647422711717675008,@n8fromthe8 How she grindin on a nigga to this song,Philly_Blunt35
2023-04-16 02:10:49,1647422262948028416,@nojumper This absolutely scream niggersğŸ™„,BlondeJohnnyy
2023-04-16 02:09:58,1647422048782671874,Niggas killed my man's I'm riding wit a picture up,Philly_Blunt35
2023-04-16 02:03:02,1647420304333893633,"Getting a dm from PJ is a coin flip between being called a ""nigger-loving Brazilian child rapist"" or being sent racy monster girl art",ImperialCoper
2023-04-16 01:45:44,1647415947316043776,@Pawg_Alf @KutiObi81 @alibomaye @gigachadnumberW @msolurin u see sheâ€™s reading what someone said and he happened to use the word nigger . Also the rest of the footage is just cuts of them using the word without hearing the sentence so we donâ€™t even know what they saying .,Kakar0t213
2023-04-16 01:44:48,1647415713169133568,"the word â€˜niggerâ€™ appeared 12 times in one chapter, 5 times on one page.",16hrtz
2023-04-16 01:33:34,1647412889479966721,"@PaulEmbery The edit mentioned in the article changes ""nigger minstrel"" to ""minstrel"". P.G. Wodehouse's books are out of copyright and so anybody can now freely edit them to create derivative works of any kind whatsoever.

https://t.co/2nIbNntfe4",benkbullock
2023-04-16 01:32:11,1647412538567475202,Everyone should be able to say any variation of the word â€œniggerâ€ and only be judged by intent. I think we create limitations on language and itâ€™s holding us back as a species #freethenword,bresnow
2023-04-16 01:13:16,1647407777302687744,Told this white girl at Jarreau's white folks can't make potato salad lol...she gave me that look like she wanted to call me a nigger I could see it in her face ğŸ¤£,Breezewayy
2023-04-16 00:53:52,1647402897863237633,feeling like a nigger rn,UghPav
2023-04-16 00:41:57,1647399897463681025,@davidmweissman @elonmusk @stevenmarkryan Bro your a jew like go to another country oh wait your banned from thereğŸ˜‚ğŸ˜‚,i_hate_higgers
2023-04-16 00:38:22,1647398994111234051,@swtluvatic @DrippyTwitch @Oioioim869 White people donâ€™t get mad when you tell them not to say nigger challenge (IMPOSSIBLE),VisualsByVaan
2023-04-16 00:37:04,1647398667555586048,"@CendanaGangster @discernia Wait till they hear there's a river called dead nigger creek in texas

(They ended up renaming it tho ğŸ˜”)",allied_npc
2023-04-16 00:06:00,1647390848890335232,letâ€™s hope I donâ€™t wake up tomorrow,saintlygarfield
2023-04-15 23:34:58,1647383039494823937,@bagzonsax Loved your performance tlhemma,KgotlanePoloko
2023-04-15 23:34:40,1647382964886437889,@MuffDvrGOLD @NealRigger19 My parents used to call that hairstyle â€œnigger knotsâ€,my_giannis
2023-04-15 23:16:18,1647378343526817793,Shein callin us niggers now? https://t.co/9iZ4qzL6w1,LetYoSoulGlow
2023-04-15 22:57:55,1647373715720531968,@CreatorClashTwo @thecrackstreams They called me a Nigger and banned me,PullGravs
2023-04-15 22:54:50,1647372939031977984,@Pawg_Alf @KutiObi81 @alibomaye @gigachadnumberW @msolurin You talk as if anna was specifically looking at quotes with the word Nigger in it just so she can say it on the show . What would be the point of that. Even if she was racist there would be no point,Kakar0t213
2023-04-15 22:45:50,1647370677261926401,How can I be racist when I watch nigger incest porn ??,K2zactive
2023-04-15 22:36:53,1647368425801392129,"""How would you feel if you didn't say nigger yesterday?""

""Leave me alone"" https://t.co/txAfQ9qMLm",CatoTempes64416
2023-04-15 22:36:03,1647368215960465410,"Jack be nimble, Jack be quick, Jack called me a nigger in 1906

Well I tried https://t.co/ZLezQMvFZV",CatoTempes64416
2023-04-15 22:32:33,1647367335274004481,"@micdemolition @SnowfallFX @FXNetworks @hulu Sigh why are you making me do this
ğŸ˜‚ğŸ˜… Episode 9 : CIA guy called Franklin a nigger

But itâ€™s far fetched to believe Teddy didnâ€™t think this way also
ğŸ˜‚

Stop please",MayWood14St
2023-04-15 22:32:16,1647367260162387969,Just gave up on all my dreams,saintlygarfield
2023-04-15 21:53:30,1647357507835240449,@pASSthehandgren Youâ€™re calling me a NIGGER??? ğŸ«¢,DaBlaQckChidori
2023-04-15 21:47:46,1647356062914293760,@Bar18Brian @JOlivers75 @Haddi12Haddi Damn why did u delete saying that Iâ€™m a NiggerğŸ¤£ğŸ˜¢,HassanH04959273
2023-04-15 21:45:46,1647355558914150402,it was like meeting the same person twice but never realizing they were the same person,godofarkansas
2023-04-15 21:45:18,1647355444430614537,i was yesterday years old when i realized Joe Rogan is the Fear Factor host. that shit blew my mind fr,godofarkansas
2023-04-15 21:44:13,1647355171247202304,nicki be looking stuffed in all her clothes ğŸ˜‚,godofarkansas
2023-04-15 21:42:29,1647354734292992000,i attribute 15% of my daily happiness to cute animal videos,godofarkansas
2023-04-15 21:41:30,1647354484593512448,"@Raj_R_85 @DenasTimekiller @Gerashchenko_en smell some shits here..ğŸ˜‚ğŸ˜‚ğŸ¤£
some hindu NÄ©gger bombs https://t.co/5yVrQgZPYo",modithe3
2023-04-15 21:41:29,1647354480579469312,watching censored titties everytime it came on late at night&gt;&gt;&gt; https://t.co/z2kMNTVuQ7,godofarkansas
2023-04-15 21:32:35,1647352240951230465,@basedasscat @ClownWorld_ niggersğŸ¤¦ğŸ¤¦ğŸ¤¦ğŸ¤¦ğŸ¤¦ğŸ¤¦,HateBeingLonely
2023-04-15 21:23:40,1647349998202306560,crazy cause i just tweeted about this today cancer gang be aligned ğŸ˜‚ https://t.co/XqnSp3sU7E,godofarkansas
2023-04-15 21:17:45,1647348510591705089,@Buckskull1 @_Keento @detectfights 100 bucks cash app if you can find a video of a white person doing the same thing,whydidhehate
2023-04-15 21:17:03,1647348333294354435,@McMartin_66 @detectfights Around blacks never relax,whydidhehate
2023-04-15 21:16:44,1647348252402933767,@detectfights Why is always that specific group of people that is so violent for no reason,whydidhehate
2023-04-15 21:12:44,1647347246063824896,@FightHaven Wow itâ€™s almost if thereâ€™s a pattern of voilence with this group of peopleâ€¦,whydidhehate
2023-04-15 21:11:42,1647346985882492928,"@Epicness_L almost thought i was dyslexic because i read ""lynch nigger navy""",Thularper
2023-04-15 21:07:21,1647345893698404355,this is the only way. we stopped cleaning forces in jr high,godofarkansas
2023-04-15 21:06:32,1647345685467897856,Be fr,direbaba_
2023-04-15 21:06:29,1647345672000008193,boy i swear i hate a hookah smoking mfka ğŸ˜‚,godofarkansas
2023-04-15 21:04:21,1647345138010652681,i hate when yall use the ninja emoji instead of typing out nigga. we are not in pre-school,godofarkansas
2023-04-15 21:02:28,1647344660929454081,alot of the time i be feeling like the only person in the world within my realm of understanding,godofarkansas
2023-04-15 20:59:15,1647343853505073157,They censored the word â€œNiggerâ€ in Dirty Harry,KickReceiver
2023-04-15 20:51:03,1647341789882220547,My adopted family never should called me nigger because I don't want to play football,Sapphirefloor
2023-04-15 20:34:37,1647337652444602369,"@USArmy 
ayoo bro in Sudan we got oil and there's a civil war 

might use some Democracy and freedom ğŸ‡ºğŸ‡²ğŸ¦… if you don't mind
thank you and peace out my niggersâœŒï¸",_Khozima217
2023-04-15 20:20:58,1647334220220575744,if you not a crash dummy your music does not interest me. i need you putting your life on the line and then your music will be fye. ion care how good it sound or how clever it isğŸ’€,godofarkansas
2023-04-15 19:58:36,1647328591204564992,damn lol ğŸ¤,godofarkansas
2023-04-15 19:57:40,1647328354285043712,How should i respond when white people call me nigger? (I am white btw and am confused),dragon_1f
2023-04-15 19:55:45,1647327872229470208,niggas who run the world really got together and said aye we finna shut the world down real quick and run our bag up. Lol covid pandemic was a crazy era,godofarkansas
2023-04-15 19:45:39,1647325329453723650,@_ParadiseParis1 what in the setting spray,godofarkansas
2023-04-15 19:42:39,1647324575288512515,i always can tell how people truly feel about themselves based on the type of events/people they attract into their lives,godofarkansas
2023-04-15 19:27:00,1647320637428383750,@ColdOnes I never seen someone who is as sexy as this man,Julio46310757
2023-04-15 19:12:34,1647317004922023936,the air mattress and 2 liter of dr pepper got me cryin,godofarkansas
2023-04-15 19:10:04,1647316378582482948,@_ParadiseParis1 ğŸ˜†bust out them clothes is what she about to do,godofarkansas
2023-04-15 19:05:40,1647315271315587074,&amp; then she TWEETED it ğŸ’€ bruh youâ€™ll have to literally pay me a large sum of money for me to reveal that type of information publicly,godofarkansas
2023-04-15 18:51:26,1647311688956362752,"@PaulHTubb @Craig_Simpson_ Do you think they should republish old, humorous books that have references to ""niggers"" unchanged? Even when a bit of light editing would  leave the essence of the text the same, but accessible to a wider audience?",chrisweston
2023-04-15 18:43:42,1647309742933508096,This man killed people during the election. Nigeria is a country!!!!,the__henry
2023-04-15 18:40:07,1647308839107063811,Did I just get called a nigger? https://t.co/gj9Ktg5lvM,SoapyAnal
2023-04-15 18:36:59,1647308050024235022,Seshâ€¦ death just be lurkin on someâ€¦ I wish a nigger would ğŸ˜«,thusga
2023-04-15 18:05:12,1647300054225485824,@Nature_and_Race Not only that but he also called him a nigger. I'm reporting him for hate speech and racism.,xXSyllasXx
2023-04-15 18:00:08,1647298779282808834,please stop you are seriously embarrassing yourself ğŸ˜­,godofarkansas
2023-04-15 17:59:40,1647298657861902338,"Like who thought it was a good idea to 
Not let that man jack black have an entire performance

WHEN HE STARTED SAYING PEACHES PEACHES PEACHES NIGGA I WAS OUT MY SEAT",InCollegeHelpMe
2023-04-15 17:58:13,1647298296929476608,"Amazing job @ Including references from all the game, but plot was executed poorly even the post credit scene were terrible, and for that movie to get an Oscar buzz off that song is insane, the song was really good, or gettign good and they cut it off ğŸ˜‚ğŸ˜‚",InCollegeHelpMe
2023-04-15 17:57:59,1647298238138007554,That mario movie is textbook definition of winning off hype,InCollegeHelpMe
2023-04-15 17:19:19,1647288506983514120,"@RussIanBott4 @fotoole The words negro and nigger were reimagined and re-appropriated by the black community in America 

There's your parallel",britishborderin
2023-04-15 17:13:30,1647287040248098817,@yabaleftonline Omo wetin be this,THAT__SCOPER
2023-04-15 17:12:35,1647286809192194049,The â€œhey sis!â€ To â€œhey niggerâ€ pipeline with a group of black friends needs to be studied,Guccigulwhore
2023-04-15 17:12:25,1647286769912807430,I got called a nigger today..Jesus is real,TiffanyGouche
2023-04-15 16:49:51,1647281091097792512,@Taulenka5 Censoring the word nigger lol,_PossumBoy
2023-04-15 16:31:11,1647276392533622786,@MatGmadness @the_pillai @Deedee656565 @MattPhoon @hanabelIe He already did in a way. Simply put the word keling came from the word Kalingam. The same way the word nigger came from the word Nigeria. People now use both terms in a racist way to insult minorities.,Vel08520565
2023-04-15 16:25:57,1647275073416605696,Bill â€œi know about the civil rights movementâ€ â€œIâ€™m a field niggerâ€ Maher https://t.co/fT990Jg4mx,79hfg3n3948rhf0
2023-04-15 16:03:30,1647269423877636097,Iono why but white ppl calling a black person â€œboyâ€ upsets me wayyyyy more than hearing them say nigger,theLuckyLibra
2023-04-15 15:43:33,1647264404822523905,Iâ€™m fr fr fr starting game of thrones now,InCollegeHelpMe
2023-04-15 15:42:37,1647264170218340355,@rmcoop757 I got tired of people going â€œwhereâ€™s your mic bro?â€ Then I get my mic and itâ€™s â€œoh shit youâ€™re a girl?!â€ And then someone screaming â€œniggerâ€ when losing at a certain point. These things ALWAYS happen ğŸ˜©,itsKelSeyNiXole
2023-04-15 15:26:31,1647260118944186371,@_wendo_okelo @Nigger_wut @MrBlackOG ExactlyğŸ˜‚,austsine
2023-04-15 15:11:52,1647256431605821440,S2 ep 20 of abbot ğŸ˜‚ğŸ˜‚ğŸ˜‚ğŸ˜‚ğŸ˜‚,InCollegeHelpMe
2023-04-15 14:58:42,1647253118151786497,I think the Bushâ€™s Baked beans dog would call me a nigger,J4Jordana
2023-04-15 14:55:30,1647252313734623232,@Mariamtronsong fit just called me 100 types of nigger,angelgrlrockstr
2023-04-15 14:54:58,1647252179269345280,@Argypticus Lets go,bibist0
2023-04-15 14:49:56,1647250913961168896,"Black people should stop using the word Nigger or Nigga whether in private or public space. Black Africans in particular donâ€™t understand that the N word is a racial slur,since they only learned it from the hip hop/rap culture and American comedy.",tukondjeni
2023-04-15 14:35:24,1647247255785598976,#NowPlaying Skip Flanagan - real nigger,VibesGreg
2023-04-15 14:27:12,1647245191961509895,"@Oioioim869 Chris: he said nigger
Jimmy: you just said the n word
Chris: I'm not relevant.",tystch07
2023-04-15 13:41:53,1647233786550124545,"@UkAllDayJD1 @skyyclark @rarerookies They had to be forced into integration, Rupp Arena is named for a known racist, 75% of the fans call the players good for nothing niggers when they lose, and I've actually been ran off the road by a bunch of good ol boys wearing UK hoodies like Ku Klux Klan uniforms",LouisvilleTuan1
2023-04-15 13:33:07,1647231578840367109,@ArtM0o Done my own journey already . Itâ€™s time to take yours brother.,direbaba_
2023-04-15 13:06:14,1647224816116862981,"Some person in a car next to me called me a â€œniggerâ€ and then her and her friend bust out laughing. If it werenâ€™t for people with me, theyâ€™d never believe this happened",thee_ox_
2023-04-15 12:46:55,1647219954402590721,@Ernest7Fred 0627464863 whatsap only,MrDepalitto7
2023-04-15 12:40:17,1647218283060379648,"Whiteness learned long ago after plundering inheritance, stealing labor, and centuries of economic oppression tht a ridiculously high sticker price works better than a ""no niggers allowed"" sign in the window",HiveMindMilitia
2023-04-15 12:25:04,1647214456106000387,"@Nigger_wut @MrBlackOG I believe, he wouldn't want it any other way,  so that's not a bad thing for himğŸ¤­",Janani_Ngii
2023-04-15 12:21:24,1647213534105698308,New anti-nigger law just dropped,streibaby
2023-04-15 11:26:02,1647199599533215749,@MrBlackOG Yall starting to sleep on Tate,mqhe_eli
2023-04-15 11:25:45,1647199525814128641,"Bet Coampany : Betpawa

Code 1 : F4F9BB7
Code 2: 7B28FFE

Bet Campany : 1Xbet

Code 1 : 7KTS3
Code 2 : AGKS3

Stake each and everything  you have https://t.co/tVCOYOcnkY",MrDepalitto7
2023-04-15 11:19:34,1647197973443379202,"@Nigger_wut @MrBlackOG I thought it was part of the character believing he was the most handsome villain ğŸ˜‚ğŸ˜‚

 Google says he already came out, na siamini badoğŸ˜‚ğŸ˜‚",Janani_Ngii
2023-04-15 10:51:24,1647190883077431296,its raining so hard rn lol the lightning woke my nigger ass out my sleep ğŸ˜­,javmoor
2023-04-15 09:50:59,1647175678712848384,"@DixonBTweener16 @ThomasCieszens1 @OliLondonTV @Riley_Gaines_ Couldn't tell you the last time I watched a movie and heard nigger, spik, kike, wet back, honky and so on but  I have turned countless movies off because heteros think homophobic jokes are funny.",veggysmurf
2023-04-15 09:07:54,1647164837330558982,He is waiting niggerğŸ˜ƒ https://t.co/guo9ddUstd,SergejRoma83201
2023-04-15 09:01:22,1647163193469566976,@HODL_DOGE_HODL @BarackObama Awww are you upset you canâ€™t say nigger without getting banned ?,sheepszz
2023-04-15 09:00:13,1647162904251367425,"@engineerlives @BomberConnor @Philjustphil1 Yeah it was a couple of years ago I remember.
The black guy lied in court and said that the white man called him a nigger but 2 witnesses that were standing there said he didn't say that.",bullterrier80
2023-04-15 08:41:37,1647158222267252743,@Nigger_wut @MrBlackOG Yeah I can now recall the few times is saw gayish behaviours from him,austsine
2023-04-15 08:38:17,1647157385172250624,@nini_isdead garlic called me a nigger in dms with it out of nowhere,transphem
2023-04-15 08:29:39,1647155210681470977,There has been Gamergate (Women and niggers are... bad!) and Niggergate (Women and niggers are... awesome!) but there has never been a large sect of internet culture defined by an air of self immolation in the name of perfecting life.,gurogarden
2023-04-15 07:40:58,1647142957865222144,@crazyclipsonly Call me a nigger so I can act like one. Lmao,jivencaroliner
2023-04-15 07:19:35,1647137577328168962,"Pitoriaaaaaaaaah..
Utlwa feela Pitoriaaaaaaaaah...
I Wanna Be Down wena Nigger wa lala wa Salaaaaah Mahommad
Utlwa feela about
""Masage your man Mamaaaaaaaah...""
Limpopoooooooooh 
I Wanna Be Down (Remix) [Featuring Queen Latifah, Yoyo &amp; McLyte] by Brandy. https://t.co/M3ob6zELap",john_kaalie
2023-04-15 06:26:02,1647124100324937728,@NetTibet Lama is a pedo action must be taken against him,Russia2_mrf
2023-04-15 05:58:47,1647117243413848069,The C.O.W.S. Neutralizing Workplace Racism 04/14/23 We discuss the best responses to having a co-worker ask you to differentiate between a black male and a nigger. Some questions do not warrant an answer. #MyNeckAndMyBack https://t.co/HEVWGFJGR1,UntilJustice
2023-04-15 05:58:04,1647117062177792001,I'm a nigger.,damienk04
2023-04-15 05:24:55,1647108721791889409,@AswathVelayudh1 @ARanganathan72 @MahuaMoitra Will you call a black man nigger? You will be in jail. Will u verbally call a Dalit by demeaning names which does not allow for his identity?,archieLurker
2023-04-15 05:07:07,1647104241255829506,@bunnymi1k @KaratoriST @HaliHareBun @d_marasi @JUNlPER So what if they misrace me? I'm trans race went from a cracker to a nÃ¯gger so how's that work?,Haha363873982
2023-04-15 05:04:53,1647103680791945223,"@bunnymi1k @KaratoriST @HaliHareBun @d_marasi @JUNlPER I have them too, you can reffer to me as a nÃ®gger/ sandcÃ¶on",Haha363873982
2023-04-15 04:59:11,1647102243177476100,"@Tabathamarshal There is so much culture and history that should be knownâ€¦ we still get called prairie niggers from some white people because of our dark skin and being raised in the prairieâ€¦ Iâ€™m a half breed, a MÃ©tis and MÃ©tis meaning mixed, Half French and half Cree Indian thatâ€™s my heritage",ParisienBobby
2023-04-15 04:06:32,1647088993320796161,"Wow. White man Calls Atlanta, â€œNigger townâ€.",All4Liberation
2023-04-15 04:00:06,1647087376987037698,@CritiksEnk When ves al mariana:,122Quer
2023-04-15 03:25:23,1647078640038055936,Sand nÃ­gger Dariush will dominate you just like he did to Gamrot,MMAGGGALAA
2023-04-15 03:13:59,1647075768990613504,Itâ€™s game night with my girls &amp; Tina called us Niggers. ğŸ˜‚,_PceOfMind
2023-04-15 03:13:43,1647075702611537920,"@RakFucksYourDad lmao but me calling multiple people darkies, negro's, and niggers didnt get me banned",cft5667
2023-04-15 03:00:46,1647072446082695168,Bought some grape soda and felt like a down right nigger man,unothanarchist
2023-04-15 02:41:17,1647067543071252480,"@slouischarles @BradRobinson86 @rkett03 @jordancicchelli Wait, youâ€™re telling me you missed the part where he said â€œniggerâ€ when talking about the dudes dating his daughter?",Truckie4Lyfe
2023-04-15 02:25:24,1647063543085400065,@STARB1TS what r they gon do call me a nigger again? LMFAO,y2snjis
2023-04-15 02:20:26,1647062294403203072,Remembering that one time i ordered hot chocolate on the plane and the flight attendant said â€œyoure the hot chocolate darlingâ˜ºï¸â˜ºï¸â€ â€¦ like was she calling me a nigger?,alaawithan_a
2023-04-15 01:52:53,1647055359360598021,Iv always been a NYC..kmow what I mean...upstairs  ...just not a shady nigger lover style of talk,stephenrminkin
2023-04-15 01:24:42,1647048268637978627,"at the end of elementary school, they had a band night bc u can start playing band in middle school

I told the band director I wanted to play the trumpet. He said â€œyou have big nigger lips, you should play the euphonium.â€

I played the euphonium all the way thru HS",dsonoiki
2023-04-15 01:12:35,1647045218800226304,"@TurbansNailed Repost the ""I love nigger rap"" meme",nat10nalist
2023-04-15 01:11:31,1647044948888547328,"8. The Legend of Nigger Charley

dir. Martin G. Goldman https://t.co/GBdg6ySZT2",ZachariahLives
2023-04-15 00:50:57,1647039773649846272,Fear Factor was peak american game show television,godofarkansas
2023-04-15 00:45:06,1647038301466157056,It feel like every white actor got a role where they say nigga or nigger. Whatâ€™s up with that,NeedsMoreDomo
2023-04-15 00:41:04,1647037288466071557,There's nothing more satisfying than calling someone a nigger over the internet,vrtester
2023-04-15 00:05:04,1647028229839134720,i be tryna play call of duty until a 7 year old calls me a nigger,globoycarlo
2023-04-14 23:49:52,1647024403576758279,YUP in my black tee,godofarkansas
2023-04-14 23:10:38,1647014527601455104,@XxMeat_RiderxX Me saying niggerğŸ™,ASPENYLike
2023-04-14 22:48:53,1647009054529814529,"im doctor stirling archer, maker of tin plates and i run the pathos of this city with an iron vest and in wanting to lose the day away i grip as hard as a pack of niggers would clutch at their straws which is pretty damn off i have to say - handsdown",morganread544
2023-04-14 22:14:40,1647000443426332672,"@luck_enzy @simon_ekpa @UN @yleuutiset It will not be like the zoo, there are Igbo people in nigger delta and there are Igbo people in aqua cross. They are recognized as Igbos and not any other tribe",ironymuzik
2023-04-14 22:02:16,1646997323107401728,"@SmitePro So we ban him indefinitely (rightfully so) but let SoT play after a small suspension after he said the n word MULTIPLE times including ""I hate niggers"" got it ğŸ«¡",SasukesBlade
2023-04-14 21:58:19,1646996328780554243,@tronko_la @ him like a adult you nigÄŸÄ•Å™,Zachary47485382
2023-04-14 21:21:17,1646987010173796357,"@atrupar How this played out: He said ""n-word"", meaning nuclear, then said ""2 n-words"", absent-mindedly, because the phrase ""n-word"" was now in his mind. Then he realised he'd kinda said ""nigger"", so blurted out ""nuclear"" to clarify, even tho that 2nd ""n word"" still hung in the air. Sad.",Choostas
2023-04-14 21:16:21,1646985769041686528,Whew Chile @NICKIMINAJ &amp; @icespicee_ got me tired from streaming 80th today in the afternoon..ğŸ˜®â€ğŸ’¨ https://t.co/wDhK4KC7H6,LittlePanda232
2023-04-14 21:14:51,1646985390178418689,the way I just be telling people the wrong shit at workğŸ¤­ğŸ¤­,RETIREDHEAUX
2023-04-14 21:10:11,1646984218252136448,@SeaAngelSlug me when she says she hates niggers https://t.co/vTfWKhZquI,hoxinzz
2023-04-14 20:59:26,1646981510698770432,"@xumist so they basically called me a nigga, a nigger, a slave, a negro, a ê¹œë‘¥ì´",hostifge
2023-04-14 20:59:03,1646981413877719040,nah clubhouse was wild.. there was really a room wit a bunch of black comedians who changed their pics to white people and were â€œnigger bashingâ€ for like 2 hours straight ğŸ˜‚ğŸ˜‚ğŸ˜‚ tory lanez stumbled in the room and a well known comedian kept callin him â€œtiny nigger toryâ€ ğŸ˜‚ğŸ˜‚ğŸ˜‚,iamkayfranklin
2023-04-14 20:40:44,1646976806078095360,"He said ""nigger"" I'm weak ğŸ˜‚ğŸ˜‚ğŸ˜‚",Karma_King16
2023-04-14 20:30:18,1646974179357470722,People can call you a nigger on social media but when you call them fat you get flagged for hate speech. Please bring back shame and bullying,IAM1440
2023-04-14 20:20:01,1646971590305894407,feeling so lonely today,saintlygarfield
2023-04-14 20:04:46,1646967752811335709,"i think durags are one of the worst shits ever created, BUT i do feel like a thorough nigger when i got mine own. https://t.co/lfT9gY4cC7",davionmoses_
2023-04-14 19:53:54,1646965018708135940,Every single person in this video just called me a nigger,QueerEIizabeth
2023-04-14 19:53:14,1646964853918056449,@laizer_omben Fresh vp,MrDepalitto7
2023-04-14 19:52:41,1646964711638945813,"catholic school is so fun bc i had a teacher tells how she got a student expelled and had an exorcism put on said student bc they were experiencing depression, wrote nigger on the board then excused our class of being Jim Crow jrs then tried to convince all the black students",vampilled
2023-04-14 19:44:31,1646962656744558609,Thank God I chose the red one . This Nigger almost ruined my top . It was never gonna be fun out in public  #ThaboBester https://t.co/CcDs226GKr,Solphendukaa
2023-04-14 19:40:21,1646961608839557121,Maguire's name should be in capital letters,AD_maiauduga
2023-04-14 19:37:44,1646960950648492033,@niggers_ass @GAT0RADE_BR0Z @BlueFolf You are literally committing a crime btw also I'm white also none of us care to see your tiny 3 inches,ComicalBahamut
2023-04-14 19:27:52,1646958467645689858,My white plug hit me up he call me nigger,yngstrzyy
2023-04-14 18:59:21,1646951292818935823,who called you a nigger gang? ğŸ˜­,milkisban
2023-04-14 18:58:01,1646950955114549267,Bruh said niggerğŸ˜‚,sladewewe
2023-04-14 18:18:32,1646941021916241950,"Funimation really just let him nigger it up in the studio and went â€œYeah that worksâ€

HUH?",dbshinnin
2023-04-14 18:14:22,1646939969603375104,im a dirty nigger,danielp0rnl4ver
2023-04-14 18:10:52,1646939089495797760,@MoNDefense @iingwen Taiwan is a province of China ğŸ‡¨ğŸ‡³. Tsai must be arrested,Russia2_mrf
2023-04-14 18:05:45,1646937804830810114,@ANI Forget WestBengal guess what is going on in Karnataka ğŸ¤ ,Russia2_mrf
2023-04-14 18:01:45,1646936796729581573,want to k word,saintlygarfield
2023-04-14 17:57:09,1646935636656398352,@i2xz_ OMG niggersğŸ˜± https://t.co/55Z99lZ1zc,i3lqx_
2023-04-14 17:42:31,1646931955236372480,@ThotKingWaffle Just for family purposes lmao imagine u marry a white/asian/latina and 7 years into the marriage you find out your in laws calling you a nigger,RepPrada
2023-04-14 17:38:43,1646930998758875137,"The urge to reply to certain posts with ""nigger"" is crushing me",fardballoon
2023-04-14 17:34:48,1646930012975824896,1st tweet calling non believers non believers and yâ€™all out here like â€œhow can i prove that he called me a nigger??â€ he didnâ€™t. but I AM.,ouminous_
2023-04-14 17:27:10,1646928094161252353,"@JackSanders2022 @NoLieWithBTC Easily explained. This white guy who supported the BLM movement that day is what a racist calls ""A NIGGER LOVER"" and they sometimes get it worse than black ppl from a racist. So he still falls in the same category as a racist. He still should not b pardoned",darnell342
2023-04-14 17:19:41,1646926209790664707,@me2019_just @AldiUSA DID YOU JUST CALL ME A NIGGER?!?,Angel_O_Mayhem
2023-04-14 17:09:34,1646923663772377109,@regubchuwa True,MrDepalitto7
2023-04-14 17:02:42,1646921937451376668,"My little cousin just asked my little brother if he is a Nigger.

He said no.

My cousin responded, are you not black?

I just sat there &amp; thought about that episode of All Of Us when the son uses the word. Paused my TV and had a 5 minute conversation about what the word means.",Teyamade
2023-04-14 17:02:14,1646921818022858752,@FahadPlaysClash Unlucky,guigasdok
2023-04-14 16:59:31,1646921133264887815,@FahadPlaysClash Lets hope thats me,guigasdok
2023-04-14 16:54:29,1646919869311471616,one good thing about post elon twitter is that i can just say NIGGER and wonâ€™t get banned,nikonintern
2023-04-14 16:49:27,1646918601784320008,where he called black people nÃ¬ggers is the headline yâ€™all shouldâ€™ve used .,QueenMalikia
2023-04-14 16:42:46,1646916919604174856,@Lukala_Ngesse Home team win with clean sheet - YES,MrDepalitto7
2023-04-14 16:36:57,1646915456153038853,"@niggers_ass @GAT0RADE_BR0Z @BlueFolf Man's only got one comeback, did it come with your one braincell?

Oh wait apologies, I assumed you had one",QOD2099
2023-04-14 15:58:19,1646905732787326979,Nigger: An Autobiography https://t.co/BkTDKiXZvh #Amazon via @Amazon,rmoney617s
2023-04-14 15:53:26,1646904502891556865,#NowPlaying Skip Flanagan - real nigger,VibesGreg
2023-04-14 15:42:04,1646901643227586563,"Christopher Bouzy has exposed the Bot Sentinel Scam.

My rating is 49%
Now look at the rating of this single-purpose hate account named ""I HATE NIGGERS"" = 0%.

I love it. He just exposed his scam to the world. 

My rating is high because he doesn't like me. I guess he likes Nazisâ€¦ https://t.co/m8Oroe7luF",NatetheLawyer
2023-04-14 15:28:56,1646898338313437186,I booked a mani pedi to get rid of my classpass credits and baby it ainâ€™t a nigger in sight at this salon ğŸ’€ğŸ’€,AshGotThis
2023-04-14 15:18:59,1646895833739141120,woke up to someone saying nigger to me in my replies https://t.co/a5Fk2tr3mN,eraondemand
2023-04-14 15:13:42,1646894504253837313,"Christopher Bouzy's Bot  Sentinel is BACK.  IT IS A SCAM PEOPLE. 

Receipts, OK.  Let's see how accurate it is. 

This account goes by the tagline ""i hate faggots and niggers"" and the other goes by ""retard nigger faggot""

Here are their ratings on Bot Sentinel.
I told you it is aâ€¦ https://t.co/6GtxBUlnKF",NatetheLawyer
2023-04-14 15:04:47,1646892259386834944,"""Is there a sign on my house that says 'dead nigger storage?'"" Shook me to my core
Even worse when the homie was like, ""Yea, that's the director""
But I mean, did his house look like dead nigger storage?",AyyPebo
2023-04-14 14:59:28,1646890922842439685,did you just call me a nigger?,DerkAlmightii
2023-04-14 14:48:27,1646888149413421056,"the fact that this is a milk at the grocery store and also ""nigger"" in Afrikaans is wild to me",DanielLukeEmuna
2023-04-14 14:42:46,1646886719323504641,Did Macmillan just call me a nigger?,TheCowBoy263
2023-04-14 14:42:41,1646886698557603842,@k12_tony @OathotseThabang No bro,KgotlanePoloko
2023-04-14 14:41:36,1646886426758266881,@OathotseThabang Nooo its notâ€¦.,KgotlanePoloko
2023-04-14 14:14:57,1646879722142351361,My kind is Godspeed...not nigger speed.,stephenrminkin
2023-04-14 14:03:16,1646876781855797248,"@real__nigger @worldranking_ @elonmusk Surprisingly, same. Except Iâ€™m from America.",Legion_member8
2023-04-14 13:14:16,1646864448605556736,@Defence_IDA Taiwan is a province of China ğŸ‡¨ğŸ‡³,Russia2_mrf
2023-04-14 13:12:27,1646863993124921344,My high school golf instructor used to motivate me before every match by saying niggers canâ€™t play golf. Motivated the hell out of me.,kiwinichelle
2023-04-14 13:04:56,1646862098016919554,@ANI Bengal rejects bjp jahatu party,Russia2_mrf
2023-04-14 13:03:17,1646861685813305344,@BJP4India @AmitShah Every state should get rid of bjp the evil of all parties,Russia2_mrf
2023-04-14 12:53:44,1646859280107343872,@sidhant Now we know why peodo like Dalai Lama was thrown out of the country,Russia2_mrf
2023-04-14 12:50:11,1646858389165596674,Wokeness really is the new niggerğŸ¤¦ğŸ¾â€â™‚ï¸damn,bccrockett23
2023-04-14 12:33:10,1646854105120251905,"Finally getting around to reading Capitalist Nigger by Chika Onyeani has me  looking at some of our ""wealthy"" black brothers and sisters through a very DIFFERENT lense...",KaundaAmina
2023-04-14 12:28:49,1646853012718075906,"Just got a new prius, I call it the Nigger Killer",BONELORDF150
2023-04-14 11:29:40,1646838123807100933,Me every time i watch a Guardian of the Galaxy trailer https://t.co/eSWIoUQdqz,InCollegeHelpMe
2023-04-14 11:00:24,1646830758516932609,"people saying ""SAYING YOU HATE THE FRENCH ISNT FUNNY ITS SAFE EDGE"" are half correct because people DO use it to ""be edgy"" without being edgy.

In that same vein though, the people constantly complaining about it are just really mad that you didnt say ""nigger"" 40 times like them.",THES0N0FS4M
2023-04-14 10:53:13,1646828950377644033,Second EP loading ğŸ’,direbaba_
2023-04-14 10:20:03,1646820605092827141,@RT_com Now someone should arrange Visa for 18k indian ğŸ„,Russia2_mrf
2023-04-14 10:19:53,1646820562189299714,@angel_pubby Can u be my bf. Iâ€™ll let u cum in me,fullcock691
2023-04-14 09:42:36,1646811179526832129,@simon_teame @mpaz12 @MadridzXtra @marcaa NiggerğŸ˜­,Bradaofmybrada
2023-04-14 09:29:30,1646807882539626497,AK47 211 in my black tee,godofarkansas
2023-04-14 09:07:21,1646802310419415043,"i have words i would like to say, but elon would call me a nigger and block my account",vviianney
2023-04-14 09:02:25,1646801069375213570,niggas dk https://t.co/w6dsd99zNb,godofarkansas
2023-04-14 08:48:16,1646797505969942529,i gotta do a white tee freestyle immediately,godofarkansas
2023-04-14 08:33:05,1646793687022682113,@Naija_PR ğŸ˜‚ğŸ˜‚ğŸ˜‚ğŸ˜‚ wisdom no dey finish,THAT__SCOPER
2023-04-14 08:00:49,1646785564576718848,@xxxdniyo e be your own niggersğŸ¤£ğŸ¤£ğŸ¤£,bonds_owen
2023-04-14 07:50:49,1646783051899482117,I think nigger is a beautiful word ğŸ–¤,sobrietyrulesza
2023-04-14 07:43:43,1646781261396996098,"Kaffir is a slur for blacks in South Africa, similar to how Nigger is used in America. Itâ€™s so offensive that itâ€™s referred to as the K-word. The Portuguese stumbled on the word through the Arab slave trade in East Africa, and it entered the European lexicon soon after.",FnBizznass
2023-04-14 07:22:53,1646776018185900032,@TaamoTOT content (got called a nigger a few times),shizuearts
2023-04-14 06:14:48,1646758888409280512,@VivekSi85847001 France would not be happy,Russia2_mrf
2023-04-14 05:59:46,1646755102198231042,"His racist teammate would have called him a ""dirty nigger"" 
Thank me later for the intel",GayeYoussoupha
2023-04-14 05:59:13,1646754963559706624,@Nigger_wut But Mane hii season amekuwa on the lowest since saints days,Rop_manu
2023-04-14 05:42:27,1646750747353321474,@PravinSawhney Rahul And congress will be kicked out of india,Russia2_mrf
2023-04-14 05:27:32,1646746992201138178,They in the quotes calling you a nigger,NylahWasHeree
2023-04-14 05:22:15,1646745663684718592,@niggers_ass @GAT0RADE_BR0Z @BlueFolf hope you know you are most likely replying to a minor with a nsfw picture of yourself which is a crime btw,ComicalBahamut
2023-04-14 05:14:10,1646743627509673984,"NIGGERS | $NIGGERS

0x1276258714e6bb3F4985902E5b6Ac8D5eE4F09ca

ğŸ‘¥ Holders: 22
ğŸ’° MC: $1.6K
ğŸ’§ Liq: $2.6K

Looks safe! ğŸŸ¢ (this can always change)
ğŸ”„ Buy/Sell Tax: 10/23

https://t.co/ZQAnCyUFcd",ETHNewPairs
2023-04-14 05:02:15,1646740628930174977,@VNastlin @mew2gx i am an independent white American women you niggerğŸ˜¡,AtlasVerlice
2023-04-14 04:50:45,1646737734382305281,@jaxajueny I feel like if I ran up to logic n called him a nigger heâ€™d hug me and say thank you,Lasantamariab
2023-04-14 04:40:54,1646735256454561792,turf,mysticferna
2023-04-14 04:31:10,1646732805903376385,The nigger tunes was NOT working ğŸ˜‚,NOTkaminaBlue
2023-04-14 04:20:17,1646730065961680898,chillin wit my niggers rn (im white),pacc16647069474
2023-04-14 04:18:35,1646729638872481793,I seen him squeeze in a German saying nigger in a random bar scene lol,AvalonHaans
2023-04-14 04:11:02,1646727740559613958,Why was it important for him to say â€œdead nigger storageâ€ like 100 times in one scene? What part of the story was that?,rufussuave
2023-04-14 04:02:00,1646725465657188352,"Oh we love to see it honey. I had to beat down a racist last week chile. Had the audacity to call me a â€œgay nigger.â€ After seeing this, I might just go back to finish the job. ğŸ˜˜",thebrando1_
2023-04-14 03:00:23,1646709959936163842,@Nigger_wut @Lsankei99 Bana..bi3ch ass nig3a ğŸ˜‚,coolest_vin
2023-04-14 02:46:49,1646706545336393734,@QshonBuckingham Oh child. She runs back to us niggÃ«rs when the white hurt his feelings.,MSZ_ROWE
2023-04-14 02:41:48,1646705283060621312,Did you just call me a nigger?,AyeNephewDae
2023-04-14 02:31:06,1646702589088612352,"Whether you give her girlfriend allowance it doesnâ€™t matter, there is always that nigger whoâ€™s gonna smash for free!",xolaniXnkosi
2023-04-14 02:27:30,1646701685287399424,They called us niggers with these watermelon slices and I wonâ€™t be convinced otherwise https://t.co/ohXbOQCcul,jalenmosby
2023-04-14 02:15:47,1646698737090043905,@younot2low you just basically called me a niggerğŸ¤¯ https://t.co/gfgGKAszTZ,yahyah4presi
2023-04-14 02:05:05,1646696041989931013,I bet the Password was â€œNiggerâ€ #SnowfallFX ğŸ˜…ğŸ¤”,_QuintEastwood
2023-04-14 01:40:53,1646689951344390144,"Iâ€™ve lived in Brooklyn my whole life and I have never experienced what I did tonight. Some drunk, belligerent old white man called me a nigger and then proceeded to throw a glass at me. He cut my leg to the white meat. Iâ€™m so irate.",WhyNotBRich
2023-04-14 01:31:31,1646687596712525824,I ainâ€™t trying to be called a nigger for 3hrs straight tho,MeloFello417
2023-04-14 01:30:39,1646687377551773697,@im_goharder Say that niggerğŸ˜‚ğŸ˜‚,JozenGamba
2023-04-14 00:55:41,1646678578115891200,@JhonnyWhite69 black niggersğŸ˜‚ğŸ˜‚ğŸ˜‚,iwantanemobitch
2023-04-14 00:49:29,1646677017251700736,Greatest rapper of all time convo should of really ended after this https://t.co/ujnQfvGis7,InCollegeHelpMe
2023-04-14 00:43:16,1646675454974107649,he said nonbelievers and yall said â€œdid you just call them a nigger?!?!â€ ğŸ˜­ğŸ˜­ğŸ˜­ğŸ˜­,bebitatee
2023-04-14 00:02:12,1646665116677439489,@3ikuobaj why was this the first thing I see when I open the app?,RETIREDHEAUX
2023-04-13 23:59:49,1646664519148789760,@niggers_ass @GAT0RADE_BR0Z @BlueFolf Bro sends this thinking he's better than trans winner acting like a pedo himself lmao,QOD2099
2023-04-13 23:55:17,1646663378608218112,quentin if they couldn't say nigger in his movies https://t.co/Y9sRU2Egse,nopodnocast
2023-04-13 23:44:14,1646660595851096064,@ribbondiaryy this account is a dude!!,Jay09507861
2023-04-13 23:44:03,1646660553127886848,@ribbondiaryy he catfishing everyone its a guy,Jay09507861
2023-04-13 23:43:50,1646660496232271873,@ribbondiaryy hes actually a guy guys,Jay09507861
2023-04-13 23:42:56,1646660271081922561,@ribbondiaryy this is a guy she just turn into a girl like a loser L ew trans people are weird asf,Jay09507861
2023-04-13 23:32:49,1646657723260444681,white people really snapped with Chex Mix,RETIREDHEAUX
2023-04-13 23:15:52,1646653458211020806,mood https://t.co/CeKE2AjfXg,saintlygarfield
2023-04-13 22:30:07,1646641943131086851,@SUN_Of_Uhhh Weâ€™ve been saying to the court that we leave with racist and we have proof of her calling us niggers,whoiskavis
2023-04-13 22:14:11,1646637936572506112,"@will110999 @vidsthatgohard Calling people racist to blacks is like calling people nigger to whites, itâ€™s functionally the same use to them",poobacholo212
2023-04-13 22:08:20,1646636464082497539,Did you just call me a nigger?,leotheeworld
2023-04-13 22:08:11,1646636426279395328,@gyanna_reiswig It's mines too!!!,ariowyd
2023-04-13 22:07:23,1646636223467868161,"@Ellandback1919 @Bushra1Shaikh Re your earlier Tweet 

â€˜The Three Golliwogs by Enid BlytonÂ Â â€“ In the original book, the golliwogs were named Golly, Woggy and Nigger. They also had an Aunt named Coalblack.â€™

If you grew up with this and didnâ€™t see it as offensive or racist, thatâ€™s fair enough

No excuse in 2023",JMikeStubbs
2023-04-13 22:06:04,1646635893027926017,You people hate yourselves,the__henry
2023-04-13 21:56:15,1646633423652503561,@SanCaizer @DanielyIddy Kagongwe,MrDepalitto7
2023-04-13 21:53:44,1646632786919321607,@wasafifm What about @KapombeShomari yupo fiti au?,Nigg3rb0y
2023-04-13 21:40:57,1646629569980514304,Whatâ€™s the problem with white people saying nigger if yâ€™all let yâ€™all Mexican friends who are deemed â€œculturedâ€ because yâ€™all took them to the hood a couple times say it ğŸ˜© so lost !,ThePrettyyyMess
2023-04-13 21:37:05,1646628600345493504,"@AnarkistaVeneco And why exactly is the Venezuelan context a useful part of a conversation regarding an American newscaster saying ""nigger"" on air?",thatgirlfierce
2023-04-13 21:22:48,1646625002236837888,@wheelman0420 @KnYtweets Itâ€™s cause she said she wanted to be with someone strong then wanted him to get really strong or some like that,RefaSmokN
2023-04-13 21:11:52,1646622254455836672,@UltraSiulBlues2 Los spin offs no cuentan we ğŸ™„,122Quer
2023-04-13 20:51:12,1646617051790704644,he just called us a nigger omg,tyjuan2alias
2023-04-13 20:45:21,1646615579015499778,"He muttered to me with the murmur of many ages, when he said: ""White man sit down whole year; Nigger work day and night and make crop; Nigger hardly gits bread and meat; white man sittin' down gits all. It's wrong."" DuBois, Of the Quest of the Golden Fleece",kingzson
2023-04-13 20:22:52,1646609922770243584,"@DreadedJai One lady told me once that she wasn't racist and in the same conversation told me how she used to date neo-Nazis and that they had a compound with a sign that said ""niggers not welcome"". And yes she used the hard r.",kyosanshugi
2023-04-13 20:22:34,1646609847721381890,Mt niece â€œsneakersâ€ sounded like â€œniggerâ€ lmdaooo it was soo bad but funny at the same time.   Kids are funny,bronxharlot
2023-04-13 20:04:24,1646605274499907585,@sfproblemchild Did you just call me a nigger? https://t.co/kEtXGAmCvZ,DaPrincessnalla
2023-04-13 19:48:53,1646601371200770049,"In my 21 years of living, and I am from Southern Africa, I have never actually seen â€œkaffirâ€ being used. 

Like did you just call me a nigger? ğŸ˜",michael_pliz
2023-04-13 19:45:22,1646600483900121088,"@RobotAfro ""Niggers are scared revolution""",kzshabazz
2023-04-13 19:40:52,1646599352406749186,Idk who tf Sarah Jordan is at refundem but she done called me from atleast 50 different area codes.,bourgeoisebrad
2023-04-13 19:40:36,1646599284689629184,"@Bawzz_lady Sometimes, it's closer to infidel but he means ""nigger infidel"" in this context lmao",don_se7en
2023-04-13 19:27:19,1646595942857035800,@Walmart this guy just called me a nigger and checked my bags because he thought I stole,realone992
2023-04-13 19:11:23,1646591933857275904,Please somebody report this nÃ®ggÃ«r to the police,betakarotin2000
2023-04-13 19:08:25,1646591185329291264,Im so sicc of #niggersğŸ’”,03FuccEm
2023-04-13 18:25:35,1646580406374875136,@Kehlani3302 Can we see them toes please,Yo0rI1
2023-04-13 18:15:55,1646577974144106496,"@niggers_ass @bc_cov @SmileyDaFed LOL. Your whole identity is gamer words. So awesome, bro. Teach me how to be like you.",TeeExTee
2023-04-13 18:13:37,1646577393493049345,"@LogicRoast @_whitemothers Tbh, she was probably coal burning Å›kÃ¥Å„k who associates with blacks hence had a beef with a Å›hÄ—bÃ¶on. Good chance they were fighting over the same Ã±Ã­ggÄ—r boyfriend or something.",undead_reg
2023-04-13 18:13:18,1646577316795916290,"@niggers_ass @bc_cov @SmileyDaFed So edgy, bro.",TeeExTee
2023-04-13 18:11:28,1646576853405057026,@KhumoStudios Are men welcome?,KgotlanePoloko
2023-04-13 18:05:23,1646575322618265600,One side the white people say nigger and on the other side the white people dont say the word nigger.,stephenrminkin
2023-04-13 17:36:00,1646567926315581477,Company forcing us to take the yearly â€œdonâ€™t rape women or say niggerâ€ class and literally nobody wants to go this year everybody is done,Nike_yeast
2023-04-13 17:34:44,1646567611260436487,@maisbones NiggerğŸ¤£ğŸ‘ğŸ‘,blueninghour111
2023-04-13 17:07:32,1646560765891969030,"@Nin10dude64 @jblu79 Cut and pasted into translate so not my wordsâ€¦. 
According to the Senegalese press, Leroy SanÃ© would have apostrophised Sadio ManÃ© with the racist insult ""shit nigger"", and this would be the reason for the fist that the Senegalese gave to the German leaving him bleeding",david_kennerley
2023-04-13 16:46:40,1646555511364497408,"@bempongnana1 @FabrizioRomano Thatâ€™s a lie, we all know sane is black with Senegal roots... no black gets offended when a fellow black calls him nigger or black....",acram_mubiru
2023-04-13 16:38:55,1646553560719425551,"@Juan45T This is the most racist thing Iâ€™ve ever heard, and Iâ€™ve even heard someone say â€œniggerâ€ before",drugdoer92
2023-04-13 16:37:33,1646553218501967875,Again Poc solidarity donâ€™t exist cuz why is he calling them nigger??ğŸ¤¨ğŸ¤¨ğŸ¤¨,Spacetrashangel
2023-04-13 16:15:55,1646547773393600514,Calling white people niggers&gt;&gt;,jaquisking1
2023-04-13 16:07:00,1646545531156455426,@heymrholman This is the wildest way someone called me a nigger but here we are,Enva_lopes
2023-04-13 15:50:55,1646541484160581634,let LOVE rule,mysticferna
2023-04-13 15:36:56,1646537963940220929,"Nigger cats cower
#longlivecrusade
#crusadeglory 
#Palestine
#Israel
#france https://t.co/SUsNnFtMtm",ChrisMorel69611
2023-04-13 15:20:03,1646533716255330304,Boss Nigger Theme Song (HD) https://t.co/RAXWJEqml3 ì¶œì²˜ @YouTube,Enoch10247706
2023-04-13 14:40:36,1646523788958527489,@prosperityoffi2 Amen,MrDepalitto7
2023-04-13 14:11:37,1646516492404682757,"Did Graeme Swann just say, ""Shikhar ain't no nigger""?
#PunjabKings #IPL2023 #ShikharDhawan",_Karan_23
2023-04-13 14:03:22,1646514415892848645,"@laralogan ""I got nothing against them Viet Cong. No Vietnamese ever called me 'nigger'.""
 - Muhammed Ali 1966

""I got nothing against them Russians. No Russian ever called me 'deplorable'.""
 - Me 2022",RepublicanoAzul
2023-04-13 13:52:16,1646511624621297667,@eric_wasinger clasic!!,mysticferna
2023-04-13 13:31:58,1646506515988369410,"@AltynWarrior Taiwan is a province of China ğŸ‡¨ğŸ‡³
Traitor Tsai needs to be arrested",Russia2_mrf
2023-04-13 13:01:19,1646498801505665029,"A feature they forgot to show off is that if you are black when you open this beer, you can hear it call you a ""nigger"".",DruProductions
2023-04-13 13:01:16,1646498790432448513,Did she just call me a nigger? With a hard â€˜Râ€™ ?,BrandonxPatino
2023-04-13 12:25:26,1646489773379395584,"the one that became a worldwide sensation with only 37 songs, the 3 times grammy winner, yk the one that never joked about the kkk and niggers being lonely &lt;33",sanheian
2023-04-13 11:42:30,1646478965190565889,@bod_republic The violence is bloody ğŸ˜©ğŸ˜¡,THAT__SCOPER
2023-04-13 11:25:32,1646474696957865988,I canâ€™t believe Chris Tyson has not change a single bit .he is a fat gay Cunt https://t.co/gtbmzFu317,carter23064149
2023-04-13 10:34:44,1646461913180807168,@PTI_News @Defencematrix1 Freedom to Khalistan,Russia2_mrf
2023-04-13 10:31:51,1646461189415895040,@TheLegateIN Khalistan is not a part of india,Russia2_mrf
2023-04-13 09:58:14,1646452727176740865,"@lism0re Sadly living in Essex with racists &amp; being called a nigger @ 4 in a church etc, itâ€™s affected my family. Me &amp; my son the most. If you can understand how Iv been forced to live in Essex against my will. Thatâ€™s a long story to explain too trust me. Iâ€™m  worried bout the babyâ€™s.",lizanelly1
2023-04-13 09:39:15,1646447948358639617,@bod_republic Wetin be this one like this ğŸ¤£ğŸ¤£,THAT__SCOPER
2023-04-13 09:25:01,1646444368247521281,"NOW PLAYING ON 420SMOKERADIO:
 The Last Poets - Run, Nigger
HOME OF THE VOICES OF THE FUTURE.
KEEP IT BLAZIN. #420SMOKERADIO

https://t.co/vxEUsovJ9H",42OSMOKERADIO
2023-04-13 09:21:19,1646443436642549760,"Gavin ""No Newports for Niggers"" Newsom before he let Menthol be banned. https://t.co/Gt0gu8l0HD",RBooghost23
2023-04-13 08:51:18,1646435883875278849,@MrBeast @ExtremeBlitz__ NiggerğŸµğŸµğŸµğŸ’ğŸ’ğŸ’ğŸ¦§ğŸ¦§ğŸ¦ğŸ¦ğŸ¦ğŸ¦,SheeeshMan4
2023-04-13 08:38:58,1646432781134872576,"@ro_uzie ""The word ""nigga"" is a variant of the word ""nigger"", which is a derogatory and offensive term historically used to refer to black people. It is a racial slur that carries a lot of negative connotations and has been used to demean and oppress black people throughout history""",WILLANNO13
2023-04-13 08:30:10,1646430565355208704,"Cop hut "" no-one upsyais calls me nigger""",GardnerNorth3
2023-04-13 08:20:22,1646428098789797889,"@SADRA_9093 @AmirRahimi2733 2. In 2019, he was banned from several mainstream social media platforms for violations of their policies, including Twitter, Facebook, Instagram, and YouTube. These included anti-Semitic remarks, homophobic remarks, and calling Barack Obama a nigger.",sarbazEmamMakan
2023-04-13 08:14:47,1646426693794398210,@TkMatakanye My niggerğŸ˜‚ğŸ˜‚ğŸ˜‚ğŸ™ŒğŸ™Œ,iam_hxlly
2023-04-13 07:33:45,1646416369058193408,"@htTweets Why are hindus so worried with Sikhs having their own country. Hindus have their own land so Why can't they let Sikhs Live with freedom.
#khalisthanmatters
#freedomtokhalisthan
#hindusbackoff",Russia2_mrf
2023-04-13 07:26:10,1646414458770821120,@PravinSawhney By 2024 Pappu will be kicked out of india,Russia2_mrf
2023-04-13 06:55:56,1646406849103552512,@drmlalukoMD What is the difference,MrDepalitto7
2023-04-13 06:51:31,1646405739060117504,GETT FUCKKEDD,wishwtwww
2023-04-13 06:36:27,1646401947539320832,WISH GO BOOMED BY @Logikz999 https://t.co/qycY6T5dzL,wishwtwww
2023-04-13 06:35:19,1646401663031287809,@advocatemahere Just saw you by faramatsi motorsğŸ˜…,TINOMATINA1
2023-04-13 06:26:38,1646399476234420224,Especially if you know I like you why we being disrespectful here?! https://t.co/RjqoLABlbQ,DeeDollaz314
2023-04-13 06:19:14,1646397615901143041,"This is so important. If you stand by and watch as your friend spits on me &amp; calls me a nigger, youâ€™re not better/less racist bc you technically didnâ€™t do the spitting. You obviously felt it was ok!",Briannajaye___
2023-04-13 06:17:53,1646397275801808897,"Young Jeezy - Recession
Kanye - Graduation
Nas - NIGGER
Wayne - Carter 3
Jigga - Blue Print 3
TIP - Paper Trail

Tell me of a greater hiphop year than 2008?",bxllyville
2023-04-13 05:39:18,1646387565358903297,ğŸ˜­ğŸ˜­ğŸ˜­ğŸ˜­ğŸ˜­ this girl so funny dawg we taking shots on the ride home she like â€œletâ€™s finish this so I can go across this nigga head with a empty bottle when I get homeâ€ ğŸ˜­ğŸ˜­ğŸ˜­,DeeDollaz314
2023-04-13 05:37:16,1646387052546596867,I gotta picture somewhere in my phone from like 2011 ğŸ˜­ğŸ˜‚,DeeDollaz314
2023-04-13 05:27:40,1646384635708858368,THIS IS MY IP 24.47.42.155,wishwtwww
2023-04-13 05:17:34,1646382096582148096,you hate elon so damn much its hilarious ğŸ˜‚ğŸ˜‚ğŸ˜‚ @briebriejoy,godofarkansas
2023-04-13 05:16:38,1646381861789106179,@Logikz999 WHO WE SMOKING ONğŸ˜­ğŸ˜­ğŸ˜‚ğŸ˜‚,wishwtwww
2023-04-13 05:13:16,1646381014002925569,Doin this to go back to saying nigger in the call of duty lobbies &gt;&gt;&gt;,MarcusA_NYC
2023-04-13 04:37:27,1646372000481394689,Would definitely be doing something where Iâ€™m traveling,DeeDollaz314
2023-04-13 04:33:21,1646370967852052480,@supercrooku I would let her call me a nigger,RacistRyuga
2023-04-13 04:17:44,1646367037227167744,Saying nigger town is actually the nicest thing he saidâ€¦ â€œwe need to go huntingâ€,sireofnothing_
2023-04-13 04:12:41,1646365768848756736,@InfinityWard You need to ban the white ppl who call ppl Nigger,QLester8
2023-04-13 04:10:46,1646365285836902402,@MingToii I wasnâ€™t even tryna make sense to a mfa thatâ€™s telling me their dumb like Iâ€™m gon lose,DeeDollaz314
2023-04-13 04:03:36,1646363481820602369,@MingToii @_PhallonX0X0 Istg unnnnn cause baby no,DeeDollaz314
2023-04-13 04:02:14,1646363138021793793,Very much s l o w https://t.co/aM45tTEPFG,DeeDollaz314
2023-04-13 04:00:51,1646362787197722624,Same,DeeDollaz314
2023-04-13 03:57:14,1646361879860658176,amber not touching my hair cus the minute she snag a coil imma think she called me a nigger,1000000NAGAS
2023-04-13 03:56:13,1646361623991406592,@rip_krazy @teamguilded @discord Not months years I wanted to join the discord but it side maximum members thx to people like @KittGamingYT @EnyooEZ @MagicbusYT I was kept been updated what was going on I have been experiencing a lot of things getting kill by hakers your ban system suck you should work on ban sy,smallpepedoy
2023-04-13 03:47:24,1646359403325521922,"@Prathme42671506 @MuhammadHairam @HuddeAlajmi @KSI There are nor ""racist words"" , only a person that doesnt understand racism would make that clim.
 Racism is an act, not a feeling.

I can say ""nigger"" and ""paki"" all I want, it doesnt make me racist. Anyone think it does has never experienced racism nor know what it is.",OMartinsson
2023-04-13 03:21:27,1646352875717640193,I wanted to get one more sew in off but this heat came through showing me to gon get braids again,DeeDollaz314
2023-04-13 03:13:51,1646350960380313601,"""Kelsey, I gotta do 6 nigger heads today"" https://t.co/dxCnkrFf5c",Philly_Phag
2023-04-13 02:51:38,1646345370107092992,@_PinkFever Did you just call me a nigger ?!,CassoTFR
2023-04-13 02:49:19,1646344787530854401,salmon burgers from trader joesğŸ”¥ğŸ”¥ğŸ”¥ğŸ”¥ğŸ”¥ğŸ”¥ğŸ”¥ğŸ”¥ğŸ”¥ğŸ”¥ğŸ”¥ğŸ”¥ğŸ”¥ğŸ”¥ğŸ”¥ğŸ”¥ğŸ”¥ğŸ”¥ğŸ”¥ğŸ”¥ğŸ”¥ğŸ”¥ğŸ”¥ğŸ”¥ğŸ”¥ğŸ”¥,godofarkansas
2023-04-13 02:42:19,1646343026569265152,oh but when i call someone a nigger it matters a lot and everyone cries about it,megametg3178
2023-04-13 02:38:18,1646342014571560963,Lash appointment in the morning ğŸ˜®â€ğŸ’¨ canâ€™t wait,DeeDollaz314
2023-04-13 02:37:09,1646341724812324866,First the white guy in the government said niggers x now Teddy saying crackheads #snowfallFX,Gail_BeAN
2023-04-13 02:30:20,1646340009497067520,"I'm gonna tweet an answer to a text I just received from a well known elected @MassDems!

Yesâ€”I'm the ONLY NIGGER IN BOSTON who CAN'T be bought or sold like a slave or gift wrap like a well spoken ABOLITIONIST or SQUAD MEMBER because I know yaâ€™ll are all full of shit! 

#BOSpoli",NotoriousVOG
2023-04-13 02:21:51,1646337874944565248,"Me, a rational centrist: when someone calls you a nigger, have you considered remaining silent to be nice?",Marxicology
2023-04-13 02:20:43,1646337588284862466,I forgot i can literally say nigger bc i blk goodnighr,chwaryu
2023-04-13 02:04:01,1646333387026620422,Update. Been going a lot slower than expected because of lack of time to work on it. Floor should be done soon. I had to do abunch of nigger rigging because it's Chinese trash and wasn't made properly. I'll show that in a future post. https://t.co/HY63NOAwjO,feralcoon
2023-04-13 02:03:19,1646333210534592512,@RayraySugarbutt WHAT TF DADâ€¦,nps9why8nd
2023-04-13 02:00:21,1646332464963411968,"Oh look, the niggers are marching again",bitcoinzay
2023-04-13 01:58:59,1646332118799380485,@HexTheePisces You said I was a stingy nigger sooooo,ceeebebe
2023-04-13 01:52:28,1646330479270821888,â€œCalling it a â€œnigger townâ€â€ i mean thatâ€™s prolly the most polite thing he said in this video good lord,itsblackchris
2023-04-13 01:47:06,1646329130785415175,Broke ass,DeeDollaz314
2023-04-13 01:46:26,1646328963109646336,@Verndollaaaa did you just call me a nigger? https://t.co/lmEVvbi2E1,davidfayemiwo
2023-04-13 01:46:03,1646328867450155009,@iBeJassssss Tf be wrong with em,DeeDollaz314
2023-04-13 01:44:45,1646328538755211264,Niggas irritating as hell,DeeDollaz314
2023-04-13 01:34:45,1646326023309385730,"@wigger Make a T-shirt that just says

â€œWeâ€™re all niggers nowâ€

And sell it on college campuses. Give one away on here of course.",HarharKhabib
2023-04-13 01:21:14,1646322619044560900,Iâ€™m sorry did you just call me a â€œNiggerâ€?ğŸ˜,GargarTheReal
2023-04-13 00:58:50,1646316983791808512,"white man who calls himself ""crazy bill""comes up to me in line at corner store and tells me ""me I'm white but don't let anyone ever call you a nigger""",lifeofamoh
2023-04-13 00:31:36,1646310129690722304,Scammed a rich white boy and he called me a nigger,6atin
2023-04-13 00:27:53,1646309195585843201,@69gaybuttsex69 @N04HRXD @iamcardib Ã± .. why they just called me a nigger,3_synners
2023-04-13 00:03:01,1646302936794906624,@soulaannation01 @caliph09 @tariqnasheed Yeh men being called a booty scratchers is worst than a white person calling me a nigger. Iâ€™m I am truly offended ğŸ˜‚ pls stop calling me that I canâ€™t take it,gulagtrgedy
2023-04-13 00:03:00,1646302931371556866,God knows Iâ€™m taking miscell to the top.,direbaba_
2023-04-12 23:44:45,1646298338394775555,My niggers with high spirit #southcarolina #real https://t.co/3DvKPbbM9E,Felicia93i
2023-04-12 23:42:40,1646297813741981699,"Unless the offense involved the boy using his hair to cause harm to others, I donâ€™t see how this is a teachable moment  for the child.",direbaba_
2023-04-12 22:59:12,1646286874628030469,"""Jungkook invested in Bitcoin while exploring the beautiful countries of Albania and Serbia, and even caught a Bayern match on TV with his Russian friend.""",rrrrrrrrryyyyyy
2023-04-12 22:49:14,1646284367268831236,"""Things typically become more expensive as the labor required to produce them increases.""
Right-wing adjacent Twitter comment Americans (Who wont ever say ""nigger"") unironically think this statement is the anti-civilizational issue at the heart of socialism.",TomokoWalker5
2023-04-12 22:44:59,1646283299587801088,Anybody that picks berry blast is fighting demons,direbaba_
2023-04-12 22:41:39,1646282460345278465,"""The infamous Genghis Khan of China was known for his brutal methods of conquest, which included the beheading or Enthauptung of many who opposed him, but he was also rumored to have a love for Eigenanbau and secretly enjoyed reading the tales of Harry Potter, with his favor",whiteisright187
2023-04-12 22:36:26,1646281148337618951,"â€œLois, the USAF is telling me if I can flick a ball âš½ï¸ into the air and do a tornado ğŸŒª kick I will be the ultimate sand nigger blowing sand into vagina with elbows Higashi in a Typhoon ship.â€ - Peterus D. Just need a camera person I can trust. https://t.co/8j1Afwerqb",DDonn1
2023-04-12 22:26:21,1646278607495372801,Okay I like these maze bags,DeeDollaz314
2023-04-12 22:23:29,1646277886268133376,@Sleepywaffle7 @nfr_podcast I feel like youâ€™re basically calling me a nigger,notshavea
2023-04-12 22:21:16,1646277329751257090,Imagine being so proud of the finished product that you finish on it,direbaba_
2023-04-12 22:20:44,1646277197634895874,Generational toppings,direbaba_
2023-04-12 22:20:11,1646277057092145153,"Many people consider this word to be equally as offensive as nigger. The words nigger and nigga are pronounced alike in certain dialects, and so it has been claimed that they are one and the same word.
Link if you want to know btw https://t.co/9tJxlbjFjR",LuigiMario81302
2023-04-12 22:12:34,1646275139460382728,Manual cars &gt;&gt;&gt;&gt; Canâ€™t drive anything else,direbaba_
2023-04-12 22:08:38,1646274149302542338,"@elonmusk What about the user names with the N-word contained within them?
@Block_Nigger @ImNotYourNigger @niggerfbi @Nigger81349433
Any that's just a top level search.",Ares_0926
2023-04-12 22:01:12,1646272278907191297,"How come someone can call me ""cracker"" or ""honky"", but I can't say ""nigger""? They are all racist terms!!!",realOJWales
2023-04-12 21:42:36,1646267600413011969,"Title incomplete. It should actually be - ""Kisi ka bhai kisi ki jaan...aur baki sab ka uncle"". #KisiKaBhaiKisiKiJaanTrailer https://t.co/eK6hiZvgbi",Kaanya__East
2023-04-12 21:38:02,1646266450099986434,Aao aur justify karo ise SRKutto... #Jawan https://t.co/KAfn4x3zHc,Kaanya__East
2023-04-12 21:37:04,1646266206393888770,"@MOPPA_Cinema Have you noticed you can say ""nigger"" on this app but get instantly suspended for telling people to keel themselves? Indeed the mods protect whites because they know ""k  y  $"" is indeed an anti-white racial slur. The statistics show it. https://t.co/bFlrxcC1vH",WallahiAlGF
2023-04-12 21:33:48,1646265385702834176,Ion know but when yt ppl call me homie I hear nigger ğŸ˜­,SzyeIlly
2023-04-12 21:33:30,1646265308749996034,"Play nigger games, win nigger prizes",adxtour
2023-04-12 21:30:24,1646264529922162689,ğŸ¤­ğŸ¤­ğŸ¤­ğŸ¤­ just one more time,DeeDollaz314
2023-04-12 21:27:44,1646263857529094147,I need some ice cold water,DeeDollaz314
2023-04-12 21:18:53,1646261629837799424,"Hakeem Jeffries calls Clarence Thomas, other Black conservatives privileged 'House Niggers' unlike him and his â€˜Field Niggersâ€™ in college newspaper

https://t.co/JvOOFkAjm6",Bob_Mumford1
2023-04-12 21:12:16,1646259964380340227,Would you rather be called a nigger by a white person or robbed by a black person,FreshAzIcebLue
2023-04-12 21:11:23,1646259744489758722,Debating on if I wanna go to work or not ğŸ¥²,DeeDollaz314
2023-04-12 21:11:19,1646259728484380680,@Block_Nigger Cook,losblancosx_
2023-04-12 21:08:07,1646258922028957696,@gxdfather_ That's the fede which I wanted to see,Kapil_the_legit
2023-04-12 21:05:49,1646258343294509058,@Iproducepassion Did you just call me a Nigger?,jdcole6
2023-04-12 21:02:48,1646257583219675137,@MadridXtra Deserved,Kapil_the_legit
2023-04-12 21:00:52,1646257098488008708,@MagalyPearl That is true,khal96043
2023-04-12 20:45:57,1646253344174796802,No way I been sleep all day ğŸ¥²ğŸ¥²,DeeDollaz314
2023-04-12 20:35:46,1646250778523254785,"God You are Great !

That's the tweet.",mqhe_eli
2023-04-12 20:34:17,1646250408153862146,@MadridXtra Yeah we should renew him,Kapil_the_legit
2023-04-12 20:21:19,1646247145425494024,"Nigga, an euphemism for nigger, was derived from 'niger', a Latin word for black. It is an extremely offensive ethnic slur used against black people, especially African Americans. Most Nigerians say it whilst not knowing what it really means. To most people it means 'friend/bro.'",mrbilalimran
2023-04-12 19:50:53,1646239483816443909,Alright #BEEFNetflix is really good. I keep tryna spread the episodes out but itâ€™s so compelling.,bourgeoisebrad
2023-04-12 19:47:23,1646238604547719169,@Its_NateRob He fasho calls his teammates nigger in his native tongue when he is mad lol,JaySpann24
2023-04-12 19:46:16,1646238324871561216,"""Atlanta, nigger town, got me a nice new jacket tho!""
ğŸ¤¦ğŸ¿â€â™‚ï¸ https://t.co/nSnEaFoyRo",neilnicholson
2023-04-12 19:45:41,1646238177248825344,@lugga333 Shut up Ã‘igger https://t.co/rL1YkxCu5x,Ramuwu3
2023-04-12 19:39:35,1646236642657853441,Grand theft Nigeria,the__henry
2023-04-12 19:39:10,1646236536277483554,One last cash out,the__henry
2023-04-12 19:29:29,1646234100246642728,if a white person calls you hooligan/thug it means nigger tell me iâ€™m wrong,hemoveshifty
2023-04-12 19:20:30,1646231839210602522,I hate when my gps take me on the no niggers allowed route,_DBDAGOAT
2023-04-12 19:15:32,1646230589006020621,"@_asoingbob @KweenInYeIIow GENERALLY, when black people say something is a new N word, it doesn't literally mean ""when white people say this, they are thinking nigger.' what it means is white people will attach all of their disdain and dismissal takes they don't like to those terms and rejecting the ideas",ConcubusBacchus
2023-04-12 19:04:05,1646227708345458688,"@FootbaIIism For an organization that constantly preaches â€œStop the hateâ€ â€œEnd Racismâ€ and other such slogans, I find it odd that I counted the word â€œniggerâ€ in the music accompanying the video 11 times.
@NFL @nflnetwork @NFLonFOX @nflcommish 
#Hypocrisy 
#racism",rickcodyvideos
2023-04-12 19:00:35,1646226826040049686,guys i cummed to this nappy ass account,napoleonicfrans
2023-04-12 18:58:02,1646226183367819283,I like Nigger Town more than Wakanda,Gibron_Lastname
2023-04-12 18:40:31,1646221775129432065,"Mark Taylor, a football trainer based in Georgia, is under fire for going on a racist rant about the city of Atlanta, calling it a â€œnigger townâ€ https://t.co/01HwQOgjmP https://t.co/29bu3YXZEx",Phil_Lewis_
2023-04-12 18:24:25,1646217725575069696,White people know saying Nigger is bad. They literally do not care bc it does not hurt them in any context. Not historicallyâ€¦and certainly not todayâ€¦because there are no consequences.,BasicBlaecGirl
2023-04-12 18:03:04,1646212353061535767,@sadeismother sorry niggerğŸ¤·ğŸ¼â€â™€ï¸,afrosurreaIist
2023-04-12 17:55:13,1646210378144137241,"Sir Iâ€™m reporting you. â€œExcuse me, your salesman just called me a nigger.â€",EyeAmSuperman
2023-04-12 17:52:42,1646209745097748481,Quentin Tarantino gone make sure a white man say â€œniggerâ€ in his movies,Ole_richie_rich
2023-04-12 17:50:18,1646209137963941899,Sad Nigger Hours. https://t.co/niTNAmtKIm,OriginoZee17
2023-04-12 17:41:38,1646206956162498579,"@LichQueenST Please don't call me a nigger, I'm white I promise",BasedFrontal
2023-04-12 17:37:25,1646205896081436672,"@tylersan__ I got called a gorilla and nigger in the same day on @Grindr 

I canâ€™t help but feel like this is less protecting DL dudes privacy and more so condoning racist and offensive behavior.

Perhaps this is just my experience but We all know how Grindr dudes are and they carry the rep",AddisonAsaan
2023-04-12 17:11:57,1646199489282162697,The code switch by not saying nigger to our face,bigfinehoney
2023-04-12 17:08:26,1646198604820889615,especially with â€œFedNowâ€ coming out soon *conspiracy mode activated*,godofarkansas
2023-04-12 17:07:53,1646198466547269645,damn whoever killed the cash app founder def was a paid hit,godofarkansas
2023-04-12 17:00:44,1646196666020634625,"Scripture or the spirited oages of holy books contain the neurochemistry or veneration of a culture nigger, suchlike the muscylature which becometh viable as the wombâ€”and as viable as the theories creationism and String Theory. The latter is merely kinetic energy; thus energy; -",jacob52761
2023-04-12 16:49:29,1646193835020627968,"@TherealNihal So what about black people calling other black people 'nigger'?
And what about all the racist language by black music artist directed towads black people in the @officialcharts ..?!",FromAnimalFarm
2023-04-12 16:47:08,1646193242633912325,"White dude just screamed â€œno, niggerâ€ on magnolia. Love the south baby",Mik3d_UP
2023-04-12 16:31:07,1646189212637487104,"@ukuFam22 @kirawontmiss @DBatcrow i hope not, no place for hippity hopity nÃ®ggÃ¨rs round here",ZokeVM
2023-04-12 16:26:32,1646188060554457091,im a black nigger,ballcheese35512
2023-04-12 16:25:57,1646187911191359488,@Fangzi_House @lqy99021608 Perfect ğŸ˜‚ğŸ˜‚ğŸ˜‚,Russia2_mrf
2023-04-12 16:24:48,1646187622606442496,@detresfa_ @lqy99021608 Taiwan is a province of China ğŸ‡¨ğŸ‡³ğŸ’ª,Russia2_mrf
2023-04-12 16:24:37,1646187576628330497,"@markhyde74 @ElectionMapsUK @YouGov When I was little, the Golliwog was on jars of jam and marmalade. Then people noticed that the word "" wog ""was being used as a slur, like ""nigger"" and ""paki"" So the golliwog was taken off the jars, and golliwog dolls withdrawn. Eventually replaced with dark skinned dolls.",janhill8
2023-04-12 16:21:01,1646186668742025216,@stassie_q Kill the Nazis. Glory to Russia ğŸ‡·ğŸ‡ºğŸ’ª,Russia2_mrf
2023-04-12 16:18:45,1646186100988444678,@HerryNapit Glory to Russia ğŸ‡·ğŸ‡ºğŸ’ª,Russia2_mrf
2023-04-12 16:16:01,1646185412451532801,@Fernand46357857 1 nuke on Australia would be all,Russia2_mrf
2023-04-12 16:14:44,1646185090857222144,"@KarenFootage ""NiGgErğŸ¤“""",BorutoManga33
2023-04-12 16:09:50,1646183856897425408,He definitely said Nigger at the end ğŸ˜®â€ğŸ’¨ğŸ¥´,CatalinaaChats
2023-04-12 15:45:53,1646177827367317505,NOT THE NIGGER COMPILATION ğŸ˜­ğŸ˜­ğŸ˜­ğŸ˜­ğŸ˜­ğŸ˜­ğŸ˜­ğŸ˜­ğŸ˜­,big_binga
2023-04-12 15:33:47,1646174784030425088,Protecting racist person who called me a nigger ğŸ˜ğŸ˜ğŸ˜ğŸ˜ğŸ˜ğŸ˜wow its very enslaver of you â˜ºï¸â˜ºï¸â˜ºï¸â˜ºï¸,Rowan17777
2023-04-12 15:17:57,1646170798007132167,"@msolurin Ofcourse its ok for a white person to say nigger. Like now, I just said it. I dont think its ever ok to call someone a nigger though, its two vastly different things.

Feel free to block me if you want.",klomanader
2023-04-12 14:49:24,1646163612883472387,I woke up tow the hell up I am struggling so bad ğŸ˜­ğŸ˜­ğŸ˜­ğŸ˜­,DeeDollaz314
2023-04-12 14:44:36,1646162407134306304,@Nvmokbie In the last ball when they were comfortably winning,Kapil_the_legit
2023-04-12 14:41:17,1646161571599601673,@Block_Nigger Mi won yesterday,Nvmokbie
2023-04-12 14:40:52,1646161466414845953,@Nvmokbie It's over for csk,Kapil_the_legit
2023-04-12 14:37:14,1646160554040410113,@NIGGER_GAMlNG @PatchesPetrol Amazing name,Tunok102
2023-04-12 14:37:04,1646160511799623680,Not ready to pay for lawn care service ğŸ˜­ slow tf down,DeeDollaz314
2023-04-12 14:34:45,1646159926236987395,@juscallmeyeez Good morning ğŸ«¶ğŸ½,DeeDollaz314
2023-04-12 14:33:00,1646159487827361797,@CantbeFuckedW_ Knowing the lil chicken nugget was alright they dead wrong,DeeDollaz314
2023-04-12 14:30:46,1646158926574936070,@CantbeFuckedW_ That shit is trifling ğŸ˜­ I took it back last time I ordered it cause what the hell is this the whole fucking chicken,DeeDollaz314
2023-04-12 14:27:27,1646158091786899456,"@moomoof But WAS she saying ""nigger"" for engagement? Because even with these out of context clips, it's clear she's just quoting people verbatim/making statements of fact in condemnation of the word, not clout chasing.",rico_rants
2023-04-12 14:20:36,1646156364341714957,"Bet Campany : Betpawa 

Code : 21ED25D

Stake : &gt;100, 000/

Today will be the last day to share Free tickets here https://t.co/0DkmVeeviQ",MrDepalitto7
2023-04-12 14:20:32,1646156349544308740,@intel1osint100 I think US is going to break the record of India in the coming years ğŸ˜‚,Russia2_mrf
2023-04-12 14:18:51,1646155924074123264,"@jordsymes @Mehphistoh @GhostofGoose2 @bvr_152 @BlueIsNew10 I'm not the racist thats tried to to say nigger is only racist because liberals made it racist.

Calling out things with a clear racial offensive history isn't ""looking for racism"" its seeing racism when its presented",DeanRGrundy
2023-04-12 14:12:14,1646154258897678342,@Tree_istan @vidsthatgohard NiggerğŸ˜­,WillyRayFreeman
2023-04-12 14:09:21,1646153537003433990,"@VivekSi85847001 Khalistan is not a part of india, I hope it is clear to Modi",Russia2_mrf
2023-04-12 14:03:18,1646152010662592512,Missed trash day again ğŸ¥¹,DeeDollaz314
2023-04-12 14:03:16,1646152002378842116,@shezedks @tan_traa @KoTKoharu1 Iâ€™m a nigger,a_scary_man
2023-04-12 14:03:01,1646151939611033600,@AirOpsSyndicate These Hindus are so obsessed with Pakistan. ğŸ˜‚,Russia2_mrf
2023-04-12 13:53:19,1646149498916282371,@AmRaadPSF Indian RAW is doing this terrorism,Russia2_mrf
2023-04-12 13:49:02,1646148420317376515,NBC's Jennifer Lopez is a nigger lover..ğŸ˜‰ğŸ¤˜ https://t.co/PyxO0gV6aT,JB250007
2023-04-12 13:44:56,1646147390506663936,"@DPJHodges Thought long &amp; hard on this. I don't believe it's racist per se. But times move on. Golliwogs are now offensive. 
Same as:
Dogs named ""nigger"" (popular up to mid 20th C)
Nude calendars in the office
Smoking at work
The list goes on. 
Times change. Change with it.",IDspair
2023-04-12 13:40:18,1646146224880222214,Them non-black POC be READY to call us niggers. Please spare us,CeeeMiYah
2023-04-12 13:29:06,1646143405804732418,"@SpencerJulien @DebbieKingPHP @AlexisDawsonTO @JeffreyOsaro2 @naomiymusa @isaiah_shafqat 81% of these were ""mean words"", and even then, you don't really put any context into it. How many were because ""nigger"" was used? https://t.co/UBPyrxzeX8",TheLoneCanadian
2023-04-12 13:25:19,1646142455744430082,A white person calling Black folks â€œniggerâ€ donâ€™t hit the same no more because theyâ€™ll never say it to our facesâ€¦ Thatâ€™s why stuff like that draws zero emotion out of me.,B_Craw4D
2023-04-12 13:10:24,1646138698314948609,I donâ€™t argue with grown men take it whichever way you wanna take it ğŸ« ğŸ« ,DeeDollaz314
2023-04-12 13:08:45,1646138286547582978,@FuriousBlxkk Nigga in like 2016 ğŸ¤£ğŸ¤£ğŸ¤£ğŸ¤£ before the owner for caught calling people niggers so whenever that was lmaooo,_MurderMonroe
2023-04-12 13:07:44,1646138028308549632,"@MidnightSilve20 ""Budlight.... it's not for niggers...""

Please enjoy responbly. 

Â© 2023 Anheuser-Busch  Â® Beer, St Louis, MO. Do not share with minors.",Turkey_Groyper
2023-04-12 13:05:21,1646137427973554176,Iâ€™ll never,DeeDollaz314
2023-04-12 12:49:32,1646133449084878849,F&amp;N Ice lemon tea https://t.co/AN62bNTAaY,AD_maiauduga
2023-04-12 12:32:08,1646129069266796545,They not trying to let me get the aux and nigger the joint up a lil bit ğŸ¤£ğŸ˜­,MilLer_Hi_Lyfe
2023-04-12 12:24:28,1646127140507623424,@vidsthatgohard They cut the video right before he said nigger,Space_Ghostin
2023-04-12 12:20:10,1646126056288419847,"What is @GeorgiaTech
Going to do about their RACIST football Coach being  calling Black people NIGGER &amp; threatening to hang Black &amp; brown women from a tree? Coach Taylor shouldn't be in charge of students futures or make money off of Black students. @CNN
https://t.co/0TPVE2G3Mh",87_srb
2023-04-12 11:58:31,1646120610215481345,@wallstwolverine { Mode &lt;&lt;nigger killer&gt;&gt; = [ACTIVATE] },PandemiaDeGiliP
2023-04-12 11:30:09,1646113472407633920,@AMChonganya Please send me ku app on 0973462124,gardnermainza
2023-04-12 11:22:47,1646111617426309120,"@chris Dawg what u gon say to the people u put in court? ""He hurt my feelings ğŸ˜ğŸ˜­""? Fr",someonelol987
2023-04-12 11:12:12,1646108954219405312,@Slicklmfao @streetfighthard so if someone called u or anyone in ur family a nigger u wouldnt get upset??,MrRed4747
2023-04-12 10:30:08,1646098367766753283,@iamdbanj omo na to buy food and drinks lock myself for room while playing Feeling the Nigger,RichSamoz
2023-04-12 10:15:10,1646094599642038272,@lca_tejas_ With these ships we can conquer Pakistan any day,Russia2_mrf
2023-04-12 10:11:14,1646093611308658688,"I remember the time when I went to tesco wearing nothing but a sandwich board saying ""I hate niggers"" just because it was convenient at the time. I'm not racist in any form though. https://t.co/JEv1ZYNVPv",Joeldotcodotuk
2023-04-12 10:10:38,1646093459743186947,@cloniragire Sorry dear,khal96043
2023-04-12 10:09:17,1646093120868687873,@bod_republc Emotional damage ğŸ˜³,THAT__SCOPER
2023-04-12 10:04:21,1646091878599901184,@Defencecore Nagas are not terrorist they are freedom fighters ğŸ’ª,Russia2_mrf
2023-04-12 09:59:36,1646090681616662528,@marvellousjo FreshğŸ˜‚ğŸ˜‚ğŸ˜‚,MrDepalitto7
2023-04-12 09:57:01,1646090034322501637,@Defencecore It was looking for the downed su30s  pilots,Russia2_mrf
2023-04-12 09:55:52,1646089745741799425,@Defencecore @TheLegateIN Pakistan has already tested their jf17s against Qatar's Dassault Rafale at exercise Anatolian Eagle,Russia2_mrf
2023-04-12 09:47:20,1646087598572703744,@zhang_heqing @HuXijin_GT While living in India he has become a peodophile,Russia2_mrf
2023-04-12 09:19:01,1646080469123866624,Especially if they are called  â€œniggerâ€?,mcp0440
2023-04-12 08:39:23,1646070497946263553,@yabaleftonline This country e got no joy ğŸ˜¡,THAT__SCOPER
2023-04-12 08:39:06,1646070426215350272,@godspowerdomin @yabaleftonline No joy,THAT__SCOPER
2023-04-12 08:38:17,1646070219310346243,AI is getting insane https://t.co/WtzQmEpxuz,godofarkansas
2023-04-12 08:30:33,1646068273698557958,"@MaxMust10188448 @RobGatta @JackPosobiec ""Nigger"" is not a German word. It is an English word. If you recall, the original point was about how its cognate didn't mean anything except ""black"" in other languages.",CiaLies
2023-04-12 08:28:03,1646067645614264326,"@fIoperez Last time I replied on your tweet,Madrid won the UCL",Kapil_the_legit
2023-04-12 08:10:51,1646063314810859521,@jjojoo_p did you just call me a nigger ?,iluvvurmommyy
2023-04-12 08:06:14,1646062155177811969,@kvhwai @CassyWearsHeels NiggerğŸ˜ŸğŸ˜‚ğŸ˜‚ğŸ˜‚ğŸ˜‚,njoguvic
2023-04-12 07:02:02,1646045998626611202,Deadass these my favorite kinda of yt people ğŸ˜‚ I remember one time at my job. A old white man called me a Nigger and before i could even respond My coworker was jumping down his throat ğŸ˜‚ğŸ˜‚ğŸ˜‚,niko_kat
2023-04-12 06:31:24,1646038286295793666,@hemusaha_1 @mufaddal_vohra Ritika can't speak fluent Hindi that's why,Revenant_6969
2023-04-12 06:21:54,1646035899182923778,@Nigger_wut @Spartar_Kj1 @spartar_kj @Hot_chick254 @JoeMmg1 @ColloScott @HolyBanditke @_lorraine_21 @elvoo254 @ArapRono_ @Kotcaretaker @Kotgenerali @jajimkuu254 @DciJuja_ @nana_KE136 @KifagioKOT @lambastic_ke @Kmtc_kijana @Ya_Atwori Follow back,MogoiMark
2023-04-12 06:02:20,1646030973434208256,@OPay_NG Pls the money they sent to me as been showing pending pls help me,THAT__SCOPER
2023-04-12 05:58:23,1646029979531059200,@TheJerseyPlace He scored so ati shani my jersey,gardnermainza
2023-04-12 05:54:54,1646029103458402306,Margot Robbie because Messi have the higher chance of calling me a *NIGGER*.,Carl_in_ton
2023-04-12 05:46:31,1646026992393879553,Luffy basically called him a nigger,Terppsichora
2023-04-12 05:09:57,1646017792188252161,@zazaparx next pqrt is calling me a nigger ğŸ˜ˆ,blinkpilled
2023-04-12 04:36:48,1646009448035414017,You donâ€™t know my pain or my story but I prayed for nights like this and cried alone fired 2/12/23 my motivation has thrived off that called a nigger last year while working in Nascar man my story isnâ€™t traditional but itâ€™s my story https://t.co/0dk7T2ZIzi,RynoRozay91
2023-04-12 03:54:13,1645998732448788480,@vurnt22 I used to love Elvis Costello tooâ€¦but did u know Elvis Costello called Ray Charles â€œAn old blind niggerâ€ ??? I donâ€™t love him so much anymore ğŸ˜ #FuckHim https://t.co/PxLahEaRkp,davidalangrier
2023-04-12 03:51:28,1645998037993496577,@FightHaven NiggersğŸ¤¦ğŸ½â€â™€ï¸ğŸ¤¦ğŸ½â€â™€ï¸,ky502ville
2023-04-12 02:53:49,1645983533171630080,"@BIGTIDDIESENPAI I fr would be the only black kid in my class so many times, which made shit awkward when they forced us to read Huckleberry Finn and every other word was niggerğŸ’€",sjoutsold
2023-04-12 02:50:08,1645982606305947648,If you donâ€™t want to be called a â€œniggerâ€ maybe donâ€™t come to this Twitter Space.  As a white guy in their Twitter world it didnâ€™t go well for me sadly.  They also asked for $300 like Nigerians do online to antagonize me ğŸ˜‚ğŸ˜‚ğŸ˜‚ @TwitterSupport,TheCriticalDri1
2023-04-12 02:37:51,1645979515469041664,Calling other black people niggers &gt;&gt;&gt;&gt;,TapeLikely
2023-04-12 02:36:37,1645979203383296000,"@ForeverWining I was legit here to have a fun chat, I donâ€™t appreciate you calling me a â€œniggerâ€.",TheCriticalDri1
2023-04-12 02:22:27,1645975638229254144,@_Pankypops_ @LoyalSachinFan Maybe 6'8,Revenant_6969
2023-04-12 02:15:31,1645973893750956034,Donâ€™t be such a nigger check out might be something good for u,Im_0n1
2023-04-12 01:40:24,1645965054569771010,Groaning up ppl used to drive by slow calling me a nigger yâ€™all think some niggas in a chat room is gonna hurt me by doing it lmao,Morris_young
2023-04-12 01:15:48,1645958864213295105,If she called me a nigger I'd cry tears of joy,PsCTRLButtonL3
2023-04-12 01:12:23,1645958007103148033,#NowPlaying Skip Flanagan - real nigger,VibesGreg
2023-04-12 01:08:56,1645957137095352325,this shit faker than WWE,godofarkansas
2023-04-12 00:48:46,1645952061819744260,"NIGGERS NIGGERS NIGGERS NIGGERS NIGGERS NIGGERS NIGGERS NIGGERS
NIGGERS NIGGERS NIGGERS NIGGERS NIGGERS NIGGERS NIGGERS NIGGERS
NIGGERS NIGGERS NIGGERS NIGGERS NIGGERS NIGGERS NIGGERS NIGGERS
NIGGERS NIGGERS NIGGERS NIGGERS NIGGERS NIGGERS NIGGERS NIGGERS",CarsonCadet
2023-04-12 00:40:40,1645950023312773120,@RebYell00 Just imagine that they have the supercut of you saying Nigger for your entire podcasting career.,thebigkauk
2023-04-11 23:46:10,1645936306407501826,"When Lincoln speaks tonight in 1865, calling for voting rights for Black Union veterans as well as ""educated"" Black men, a lowlife white racist subhuman is in the crowd. He states ""that means nigger citizenship. That's the last speech he will ever make.""",Mr_Lincoln
2023-04-11 23:36:24,1645933848977448960,"Highkey waiting for @Anarbor
to release 'Nigger Woman' so I can put it on a playlist without being sus",Pebblist
2023-04-11 23:30:50,1645932450487435264,Felt that in my ooh lah lah,direbaba_
2023-04-11 23:23:48,1645930679828459521,@Maddieeee1197 Let me get that vid,TheIggr
2023-04-11 23:06:43,1645926378188177409,Putting an 8:30 meeting on my calendar is like writing â€œNiggerâ€ on a piece of paper and sliding it under my door,AcesOnSpades
2023-04-11 22:51:17,1645922497118830599,GOODBYE MY NIGGER BACK TO THE LOBBY https://t.co/EQBnZfRf4l,oompaloompadi
2023-04-11 22:48:05,1645921688801132546,@idislikepeas If i go to a klan rally and get called a nigger am i not at fault just a little bit for putting myself in a racist environment? Does that mean i deserve to get called a slur? No. No one was justifying sexual assault itâ€™s about common sense,03tiIInfinity
2023-04-11 22:38:18,1645919227696791552,This is literally the Ultimate Brim ğŸ˜‚ğŸ˜‚,sugardaddyvince
2023-04-11 22:30:17,1645917209825296385,yo @Roblox you got great moderation I got banned for apparently being racist tho some white kid called me a nigger ğŸ’€ https://t.co/Q29Y6Ya4NS,VoidDied_
2023-04-11 22:23:58,1645915622617010176,â€œsing nigger sing me those nigger bluesâ€,savantimposter
2023-04-11 22:19:11,1645914416599248897,If youâ€™re in ib and you know a guy please recommend ğŸ™ğŸ¼,direbaba_
2023-04-11 22:12:11,1645912654467284994,My meat every morning in JSS3,direbaba_
